prompt,response
How do I troubleshoot a network issue?,"If you’re experiencing network issues, try restarting your device, ensuring your SIM card is properly inserted, and checking for any network outages in your area. If the problem persists, I can escalate this to our technical support team."
My internet is slow. How can I fix this?,"Slow internet could be due to network congestion, a weak signal, or an issue with your device. Try restarting your router, moving closer to the router, or checking your data usage. If the issue continues, I can assist further."
What are your customer service hours?,"Our customer service team is available 24/7 to assist you. You can reach us by phone, chat, or email anytime."
How do I set up voicemail on my phone?,"To set up voicemail, dial your own phone number, follow the prompts, and create a password. You can also set a personalized greeting"
How do I reset my account password?,"To reset your password, visit our website and click on ""Forgot Password."" Enter your email or phone number to receive a reset link. "
How do I update my contact information?,"You can update your contact information by logging into your account online or using our mobile app. Go to ""Account Settings"" and update your phone number, email, or address."
What is the contact details or number of technical support team for any technical problem or issue,You can call on toll free number - 8678 8889 6666
Thank you/ Thanks / Thanks a lot,Glad I could help! Let me know if there's anything else you need.
Hi/ Hello,Hello! How can I assist you today?
